<?xml version="1.0" encoding="UTF-8"?>
<window type="dialog" id="1119">
    <defaultcontrol always="true">8000</defaultcontrol>
    <controls>

        <include>Dialog_Dim_Overlay</include>

        <control type="group">
            <include>Dimension_DialogSideMenu</include>
            <include>Animation_Right_Delay</include>

            <include content="Dialog_Foreground_Side">
                <param name="dialog_size">Dimension_DialogSideMenu</param>
                <param name="topline">true</param>
                <param name="subline">true</param>

                <!-- Header -->
                <include content="Dialog_Head">
                    <param name="label">$LOCALIZE[467]</param>
                </include>
                <include>Dialog_Head_CloseButton</include>

                <!-- Content -->
                <control type="group">
                    <include>Dimension_Dialog_Body</include>
                    <control type="grouplist" id="8000">
                        <include>Dimension_Dialog_Body_Group</include>
                        <onleft>Close</onleft>

                        <include content="Items_Dialog_RatingType" condition="String.IsEqual(Window(Home).Property(ConfigureRatingItem),Item01) + String.IsEqual(Window(Home).Property(ConfigureRatingContent),Movies)">
                            <param name="item">Item01</param>
                            <param name="content">Movies</param>
                        </include>
                        <include content="Items_Dialog_RatingType" condition="String.IsEqual(Window(Home).Property(ConfigureRatingItem),Item02) + String.IsEqual(Window(Home).Property(ConfigureRatingContent),Movies)">
                            <param name="item">Item02</param>
                            <param name="content">Movies</param>
                        </include>
                        <include content="Items_Dialog_RatingType" condition="String.IsEqual(Window(Home).Property(ConfigureRatingItem),Item03) + String.IsEqual(Window(Home).Property(ConfigureRatingContent),Movies)">
                            <param name="item">Item03</param>
                            <param name="content">Movies</param>
                        </include>
                        <include content="Items_Dialog_RatingType" condition="String.IsEqual(Window(Home).Property(ConfigureRatingItem),Item04) + String.IsEqual(Window(Home).Property(ConfigureRatingContent),Movies)">
                            <param name="item">Item04</param>
                            <param name="content">Movies</param>
                        </include>
                        <include content="Items_Dialog_RatingType" condition="String.IsEqual(Window(Home).Property(ConfigureRatingItem),Item05) + String.IsEqual(Window(Home).Property(ConfigureRatingContent),Movies)">
                            <param name="item">Item05</param>
                            <param name="content">Movies</param>
                        </include>
                        <include content="Items_Dialog_RatingType" condition="String.IsEqual(Window(Home).Property(ConfigureRatingItem),Item06) + String.IsEqual(Window(Home).Property(ConfigureRatingContent),Movies)">
                            <param name="item">Item06</param>
                            <param name="content">Movies</param>
                        </include>
                        <include content="Items_Dialog_RatingType" condition="String.IsEqual(Window(Home).Property(ConfigureRatingItem),Item01) + String.IsEqual(Window(Home).Property(ConfigureRatingContent),TVShows)">
                            <param name="item">Item01</param>
                            <param name="content">TVShows</param>
                        </include>
                        <include content="Items_Dialog_RatingType" condition="String.IsEqual(Window(Home).Property(ConfigureRatingItem),Item02) + String.IsEqual(Window(Home).Property(ConfigureRatingContent),TVShows)">
                            <param name="item">Item02</param>
                            <param name="content">TVShows</param>
                        </include>
                        <include content="Items_Dialog_RatingType" condition="String.IsEqual(Window(Home).Property(ConfigureRatingItem),Item03) + String.IsEqual(Window(Home).Property(ConfigureRatingContent),TVShows)">
                            <param name="item">Item03</param>
                            <param name="content">TVShows</param>
                        </include>
                        <include content="Items_Dialog_RatingType" condition="String.IsEqual(Window(Home).Property(ConfigureRatingItem),Item04) + String.IsEqual(Window(Home).Property(ConfigureRatingContent),TVShows)">
                            <param name="item">Item04</param>
                            <param name="content">TVShows</param>
                        </include>
                        <include content="Items_Dialog_RatingType" condition="String.IsEqual(Window(Home).Property(ConfigureRatingItem),Item05) + String.IsEqual(Window(Home).Property(ConfigureRatingContent),TVShows)">
                            <param name="item">Item05</param>
                            <param name="content">TVShows</param>
                        </include>
                        <include content="Items_Dialog_RatingType" condition="String.IsEqual(Window(Home).Property(ConfigureRatingItem),Item06) + String.IsEqual(Window(Home).Property(ConfigureRatingContent),TVShows)">
                            <param name="item">Item06</param>
                            <param name="content">TVShows</param>
                        </include>
                    </control>
                </control>
            </include>

        </control>


    </controls>
</window>