<?xml version="1.0" encoding="UTF-8"?>
<window>
    <views>50</views>
    <defaultcontrol always="true">50</defaultcontrol>
    <menucontrol>8000</menucontrol>
    <include content="_Action_Blur_Onload">
        <param name="sourceimage">Art(fanart)|Property(fanart)|Icon</param>
    </include>
    <controls>

        <include>View_Bumper</include>
        <include>Defs_TMDbHelper_Loader</include>
        <include>Background</include>

        <control type="group">
            <include>Animation_Group_Bumper</include>
            <include>Animation_View_WindowChange</include>

            <include content="Info_Viewline">
                <param name="top">170</param>
            </include>

            <include content="View_MediaListOverview_Include">
                <param name="id">50</param>
                <param name="right">560</param>
                <param name="focusposition">2</param>
                <param name="focusedlayout_h">190</param>
                <param name="movement">4</param>
                <param name="scrollbar_id">66</param>
                <param name="top">50</param>

                <control type="group">
                    <right>0</right>
                    <width>infodialog_poster_w</width>
                    <height>infodialog_poster_h</height>

                    <control type="group">
                        <include content="Object_BigPoster">
                            <param name="icon">$VAR[Image_Poster]</param>
                            <param name="diffuse">diffuse/poster_w480_h720.png</param>
                            <param name="aspectratio">keep</param>
                        </include>
                    </control>
                </control>

            </include>

            <include content="View_Furniture_Scrollbar_V">
                <param name="id">66</param>
                <param name="height">720</param>
                <param name="visible">true</param>
            </include>
        </control>
        <include>View_Furniture_Edges</include>
        <include>View_Dialog_Plot</include>

    </controls>
</window>
