<?xml version="1.0" encoding="UTF-8"?>
<window type="dialog" id="1147">
    <zorder>2</zorder>
    <defaultcontrol always="true">6007</defaultcontrol>

    <controls>

        <control type="group">
            <include>OSD_HideControls</include>
            <left>view_pad</left>
            <right>view_pad</right>

            <visible>!Window.IsActive(DialogPlayerProcessInfo.xml)</visible>
            <visible>!Window.IsVisible(DialogSlider.xml)</visible>

            <control type="group">
                <include content="OSD_Stream_Selector">
                    <param name="id">6207</param>
                    <param name="buttonid">6007</param>
                    <param name="scrollbarid">6307</param>
                    <param name="stream_type">subtitle</param>
                    <param name="header">$LOCALIZE[287]</param>
                    <param name="nibpos">180</param>
                    <param name="width">640</param>
                    <param name="method">set_player_subtitle</param>
                    <param name="enabled">VideoPlayer.SubtitlesEnabled</param>
                    <param name="toggle">true</param>
                    <param name="icon">special://skin/extras/icons/quote.png</param>
                </include>
            </control>

            <include content="OSD_CustomDialog_GroupList">
                <param name="onclick">ActivateWindow(osdsubtitlesettings)</param>
                <param name="onup">SetFocus(6207)</param>
                <param name="icon">special://skin/extras/icons/quote.png</param>
                <param name="label">$VAR[Label_OSD_SubtitlesLanguage]</param>
                <param name="iconoffset_condition">[VideoPlayer.SubtitlesEnabled + !String.IsEmpty(VideoPlayer.SubtitlesLanguage)]</param>
                <param name="button_7">true</param>
            </include>
        </control>

    </controls>
</window>
