<?xml version="1.0" encoding="UTF-8"?>
<window type="dialog">
    <include content="Object_DefaultControl">
        <param name="always">true</param>
        <param name="defaultcontrol">8000</param>
    </include>

    <menucontrol>9000</menucontrol>

    <include>DialogInfo_Onload</include>

    <onload>SetProperty(TMDbHelper.EnableExtendedProperties,True)</onload>

    <onload condition="Skin.HasSetting(Trailers.EnableAutoPlayback.Info) + !String.IsEmpty(ListItem.Trailer) + !Player.HasMedia">SetProperty(PlayTrailerTitle,$VAR[Label_Title],Home)</onload>
    <onload condition="Skin.HasSetting(Trailers.EnableAutoPlayback.Info) + !String.IsEmpty(ListItem.Trailer) + !Player.HasMedia">SetProperty(PlayTrailer,$ESCINFO[ListItem.Trailer],Home)</onload>
    <onload condition="Skin.HasSetting(Trailers.EnableAutoPlayback.Info) + !String.IsEmpty(ListItem.Trailer) + !Player.HasMedia">ActivateWindow(1123)</onload>

    <onload>SetProperty(BaseID,$INFO[ListItem.Label]$INFO[ListItem.FolderPath])</onload>

    <controls>

        <control type="button" id="8000">
            <texturenofocus />
            <texturefocus />
            <font />
            <ondown>5000</ondown>
            <onfocus condition="!String.IsEqual(ListItem.Property(tmdb_type),person)">SetFocus(4001)</onfocus>
            <onright condition="!String.IsEqual(ListItem.Property(tmdb_type),person)">4001</onright>
            <onleft condition="!String.IsEqual(ListItem.Property(tmdb_type),person)">4001</onleft>
            <onleft condition="String.IsEqual(ListItem.Property(tmdb_type),person)">SetFocus(61)</onleft>
            <onright condition="String.IsEqual(ListItem.Property(tmdb_type),person)">SetFocus(61)</onright>
            <onup>61</onup>
            <onfocus>ClearProperty(Background.DialogInfo.HideArtwork,Home)</onfocus>
            <onclick condition="String.IsEqual(ListItem.Property(tmdb_type),person)">SetFocus(61)</onclick>
            <onclick condition="!String.IsEqual(ListItem.Property(tmdb_type),person) + ListItem.HasVideoVersions">SetFocus(8908)</onclick>
            <onclick condition="!String.IsEqual(ListItem.Property(tmdb_type),person) + !ListItem.HasVideoVersions">SendClick(8)</onclick>
            <onclick condition="!String.IsEqual(ListItem.Property(tmdb_type),person) + !ListItem.HasVideoVersions">RunScript(plugin.video.themoviedb.helper,close_dialog=1190)</onclick>
        </control>

        <include>Defs_Background_Loader</include>

        <include condition="Window.IsVisible(fullscreenvideo)">OSD_VideoBackground_Dialog</include>

        <control type="group">
            <include>DialogInfo_Main_Group</include>
            <control type="group">
                <include>DialogInfo_Body_Group</include>
                <control type="group">
                    <include content="DialogInfo_Info_Group" condition="!Skin.String(Info.Layout,Flix)">
                        <param name="extended_include">DialogInfo_VideoDetails</param>
                        <param name="plotwidth">90%</param>
                    </include>
                    <include content="DialogInfo_Info_Group" condition="Skin.String(Info.Layout,Flix)">
                        <param name="extended_include">DialogInfo_VideoDetails_Flix</param>
                        <param name="plotwidth">info_plot_w</param>
                    </include>
                </control>
            </control>
        </control>

        <control type="group">
            <include content="Animation_Slide_In">
                <param name="type">WindowOpen</param>
                <param name="posy">160</param>
                <param name="delay">400</param>
            </include>
            <include content="Animation_Slide_Out">
                <param name="type">WindowClose</param>
                <param name="posy">160</param>
            </include>
            <include>DialogInfo_Widget_Group</include>
            <control type="grouplist" id="5000">
                <include>DialogInfo_Widget_Grouplist</include>

                <onup>8000</onup>
                <onback>8000</onback>
                <ondown>330</ondown>

                <include condition="!String.IsEqual(ListItem.Property(tmdb_type),person)">DialogInfo_VideoWidgets</include>
                <include condition="String.IsEqual(ListItem.Property(tmdb_type),person)">DialogInfo_PersonWidgets</include>
                <include condition="!Skin.HasSetting(VideoInfo.Widgets.DisableGallery)">DialogInfo_GalleryWidget</include>


                <include>Widget_End_Bumper</include>
            </control>
        </control>

        <include>DialogInfo_Furniture</include>
        <include>DialogInfo_PlotBox</include>

        <include content="DialogSelect_VideoVersions_Main" condition="ListItem.HasVideoVersions">
            <param name="id">8908</param>
            <param name="scrollbar_id">8961</param>
            <param name="include_content">DialogInfo_VideoVersions_Content</param>
            <param name="visible">[Control.HasFocus(8908) | Control.HasFocus(8961)]</param>
            <param name="label">$LOCALIZE[40000]</param>
        </include>


    </controls>
</window>
