<?xml version="1.0" encoding="UTF-8"?>
<window type="dialog" id="1163">
    <defaultcontrol always="true">450</defaultcontrol>
    <onunload>ClearProperty(Path,1163)</onunload>
    <onunload>ClearProperty(Target,1163)</onunload>
    <onunload>ClearProperty(Header,1163)</onunload>
    <onload>SetProperty(TMDbHelper.ContextMenu,True)</onload>
    <controls>

        <include>Dialog_Dim_Overlay</include>

        <control type="group">
            <width>view_menu_main</width>
            <control type="group">
                <left>20</left>

                <include content="Home_Menu_Vert_Background">
                    <param name="left">0</param>
                    <param name="width">view_menu_main</param>
                </include>

                <animation effect="slide" tween="cubic" easing="out" time="400" start="-view_menu_main" end="0" reversible="false">WindowOpen</animation>
                <animation effect="slide" tween="cubic" easing="out" time="400" start="0" end="-view_menu_main" reversible="false">WindowClose</animation>

                <control type="group">
                    <left>-20</left>
                    <control type="group">
                        <include>Dimension_Topbar</include>
                        <control type="group">
                            <include>Dimension_Furniture_Gutters</include>
                            <include content="Furniture_MainLabel">
                                <param name="label">$INFO[Window.Property(Header)]</param>
                                <param name="textcolor">dialog_fg_100</param>
                            </include>
                        </control>
                    </control>

                    <control type="group">
                        <right>-30</right>
                        <include content="Furniture_Busy">
                            <param name="hasspinner">true</param>
                            <param name="spinspinner">true</param>
                            <param name="icon">special://skin/extras/icons/kodi.png</param>
                            <param name="haslabel">false</param>
                            <param name="spinnervisible">[!Window.IsActive(DialogVolumeBar.xml) | Player.Muted]</param>
                            <param name="visible_delay">400</param>
                            <param name="windowopen_condition">True</param>
                            <param name="windowopen_delay">800</param>
                            <param name="visible">[Container(450).IsUpdating]</param>
                        </include>
                    </control>

                    <control type="group">
                        <include>Dimension_Bottombar</include>
                        <control type="group">
                            <animation effect="fade" start="100" end="70" condition="true">Conditional</animation>
                            <include>Dimension_Furniture_Gutters</include>
                            <include content="View_Furniture_Bottom_ViewLine">
                                <param name="label">$INFO[Container(450).NumItems,, items]</param>
                                <param name="fade_condition">false</param>
                                <param name="textcolor">dialog_fg_90</param>
                            </include>
                        </control>
                    </control>
                </control>


                <control type="group">
                    <include>Dimension_Dialog_Body_Group</include>
                    <control type="group">
                        <include content="Animation_ConditionalFade">
                            <param name="condition">[Container(450).IsUpdating | Integer.IsEqual(Container(450).NumItems,0)]</param>
                        </include>
                        <include content="List_DialogSelect">
                            <param name="id">450</param>
                            <param name="textcolor">dialog_fg</param>
                            <param name="itemlayout_include">Layout_MenuList</param>
                            <param name="orientation">vertical</param>
                            <onright>Close</onright>
                            <onclick>Close</onclick>
                            <top>160</top>
                            <bottom>160</bottom>
                            <left>20</left>
                            <right>0</right>
                            <onclick>$VAR[DialogCustom1162_OnClick]</onclick>

                            <content>
                                <item>
                                    <label>$LOCALIZE[31166]</label>
                                    <icon>special://skin/extras/icons/arrow-right.png</icon>
                                    <visible>Integer.IsEqual(Container(450).NumItems,0) | [Integer.IsEqual(Container(450).NumItems,1) + String.IsEqual(Container(450).ListItemAbsolute(0).Label,$LOCALIZE[31166])]</visible>
                                </item>
                            </content>

                            <content>$INFO[Window.Property(Path)]</content>


                        </include>
                    </control>
                </control>
            </control>
        </control>

    </controls>
</window>
