<?xml version="1.0" encoding="UTF-8"?>
<window>
    <views>500</views>
    <defaultcontrol always="true">500</defaultcontrol>
    <menucontrol>8000</menucontrol>
    <include content="_Action_Blur_Onload">
        <param name="sourceimage">Art(fanart)|Property(fanart)||EPGEventIcon|Icon</param>
    </include>
    <include>Action_Media_Onload</include>

    <onload>SetProperty(Background.ShowOverlay,True,Home)</onload>

    <controls>
        <include>Defs_TMDbHelper_Loader</include>
        <include>Background</include>

        <include content="Object_Hidden_Button">
            <param name="id">64</param>
            <onfocus>SetFocus(9000)</onfocus>
        </include>
        <include content="Object_Hidden_Button">
            <param name="id">50</param>

            <onfocus>SetFocus(500)</onfocus>
        </include>

        <include content="View_PVR_Main">
            <param name="include">View_PVRGuide</param>
        </include>

    </controls>

</window>
