<?xml version="1.0" encoding="UTF-8"?>
<window type="dialog">

    <menucontrol>9000</menucontrol>
    <defaultcontrol always="true">9000</defaultcontrol>
    <onload>AlarmClock(refocus,SetFocus(9000),00:00,silent)</onload>

    <controls>

        <include>Dialog_Dim_Overlay</include>

        <control type="group">
            <include>Dimension_DialogMainMenu</include>
            <include>Animation_Right_Delay</include>

            <include content="Dialog_Background_Group">
                <param name="include_glass">true</param>
                <param name="dialog_size">Dimension_DialogMainMenu</param>
            </include>
            <include>Dialog_Overlay_Tray</include>

            <control type="group">
                <!-- Header -->
                <include content="Dialog_Head">
                    <param name="label">$INFO[ListItem.Label]</param>
                </include>
                <include>Dialog_Head_CloseButton</include>

                <!-- Content -->
                <control type="group" id="8000">
                    <bottom>240</bottom>
                    <include>Dimension_Dialog_Body</include>
                    <control type="group">
                        <include>Dimension_Dialog_Body_Group</include>
                        <include>DialogInfo_PlotBox_Artwork</include>
                        <include content="Dialog_Outline_InnerBox">
                            <left>420</left>
                            <top>-20</top>
                            <bottom>-20</bottom>
                            <right>20</right>
                        </include>
                        <control type="grouplist">
                            <top>30</top>
                            <right>60</right>
                            <bottom>30</bottom>
                            <left>460</left>
                            <orientation>vertical</orientation>
                            <itemgap>20</itemgap>
                            <control type="label">
                                <font>font_midi_bold</font>
                                <height>40</height>
                                <textcolor>main_fg_90</textcolor>
                                <label>$LOCALIZE[20037]</label>
                            </control>
                            <control type="label">
                                <font>font_midi_plot</font>
                                <height>40</height>
                                <label fallback="19055">$INFO[ListItem.AddonSummary]</label>
                            </control>

                            <control type="group">
                                <height>40</height>
                                <control type="image">
                                    <left>8</left>
                                    <height>48</height>
                                    <width>48</width>
                                    <texture colordiffuse="dialog_fg_90">special://skin/extras/icons/id-card.png</texture>
                                    <centertop>50%</centertop>
                                </control>
                                <control type="label">
                                    <left>60</left>
                                    <font>font_midi</font>
                                    <label>$INFO[ListItem.AddonCreator]</label>
                                </control>
                            </control>

                            <control type="group">
                                <height>40</height>
                                <control type="image">
                                    <left>8</left>
                                    <height>48</height>
                                    <width>48</width>
                                    <texture colordiffuse="dialog_fg_90">special://skin/extras/icons/tag.png</texture>
                                    <centertop>50%</centertop>
                                </control>
                                <control type="label">
                                    <left>60</left>
                                    <font>font_midi</font>
                                    <label>$INFO[ListItem.AddonType]</label>
                                </control>
                            </control>

                            <control type="group">
                                <height>40</height>
                                <control type="image">
                                    <left>8</left>
                                    <height>48</height>
                                    <width>48</width>
                                    <texture colordiffuse="dialog_fg_90">special://skin/extras/icons/code-branch.png</texture>
                                    <centertop>50%</centertop>
                                </control>
                                <control type="label">
                                    <left>60</left>
                                    <font>font_midi</font>
                                    <label>$INFO[ListItem.AddonVersion,v,]</label>
                                </control>
                            </control>

                            <control type="group">
                                <height>40</height>
                                <control type="image">
                                    <left>8</left>
                                    <height>48</height>
                                    <width>48</width>
                                    <texture colordiffuse="dialog_fg_90">special://skin/extras/icons/clock-rotate-left.png</texture>
                                    <centertop>50%</centertop>
                                </control>
                                <control type="label">
                                    <left>60</left>
                                    <font>font_midi</font>
                                    <label>$VAR[Label_AddonInfo_LastUpdated]</label>
                                </control>
                            </control>

                            <control type="textbox">
                                <top>40</top>
                                <font>font_midi_plot</font>
                                <height>160</height>
                                <autoscroll>false</autoscroll>
                                <pagecontrol>61</pagecontrol>
                                <label fallback="19055">$INFO[ListItem.AddonDescription,[B][COLOR=dialog_fg_90]$LOCALIZE[21821][/B][/COLOR][CR],[CR][CR]]$INFO[ListItem.AddonNews,[B][COLOR=dialog_fg_90]$LOCALIZE[29916][/B][/COLOR][CR],]</label>
                            </control>

                        </control>
                    </control>
                    <include content="Dialog_InfoText">
                        <param name="label">$INFO[ListItem.AddonDisclaimer]</param>
                        <param name="fallback">$INFO[System.BuildVersion,Kodi ,]$INFO[System.AddonVersion(skin.arctic.fuse.2), • AF2 v,]</param>
                    </include>
                    <include content="Dialog_Scrollbar">
                        <param name="id">61</param>
                        <param name="inset">true</param>
                        <onback>9000</onback>
                    </include>
                </control>

                <!-- Buttons -->
                <include content="Dialog_Tray_Grouplist">
                    <include content="Dialog_Button_Expanded">
                        <param name="id">98</param>
                        <param name="label">$LOCALIZE[33063]</param>
                        <param name="icon">special://skin/extras/icons/bars.png</param>
                        <onclick>SetFocus(9800)</onclick>
                    </include>
                    <include content="Dialog_Button_Expanded">
                        <param name="id">12</param>
                        <param name="builtin">true</param>
                        <param name="icon">special://skin/extras/icons/play3.png</param>
                        <param name="visible">Control.IsEnabled(12)</param>
                    </include>
                    <include content="Dialog_Button_Expanded">
                        <param name="id">99</param>
                        <param name="label">$LOCALIZE[222]</param>
                        <param name="icon">special://skin/extras/icons/circle-xmark.png</param>
                        <onclick>Close</onclick>
                    </include>

                </include>
            </control>


        </control>

        <include content="Object_Hidden_Button">
            <param name="id">7</param>
        </include>

        <include content="Dialog_Manage">
            <param name="id">9800</param>
            <param name="onback">9098</param>
            <param name="include">Items_DialogAddonInfo</param>
        </include>
    </controls>
</window>