<?xml version="1.0" encoding="UTF-8"?>
<window>
    <onload condition="System.HasAddon(script.artistslideshow) + !Skin.HasSetting(ArtistSlideShow.Disabled)">RunScript(script.artistslideshow)</onload>
    <onload>ClearProperty(OSDRelaunchFullscreen,Home)</onload>
    <include>Animation_OSD_Fullscreen_Change</include>
    <controls>
        <control type="visualisation" id="2">
            <description>visualisation</description>
            <visible>Visualisation.Enabled</visible>
        </control>

        <control type="multiimage">
            <aspectratio>scale</aspectratio>
            <randomize>true</randomize>
            <fadetime>600</fadetime>
            <loop>true</loop>
            <imagepath background="true">$VAR[Image_ArtistFanartVis]</imagepath>
            <animation effect="fade" start="100" end="65" condition="Visualisation.Enabled">Conditional</animation>
            <animation effect="zoom" start="110" end="130" center="auto" time="10000" tween="sine" easing="inout" pulse="true" condition="Skin.HasSetting(Visualisation.AnimateSlideshow)">Conditional</animation>
            <animation effect="slide" start="-30,-30" end="30,30" time="6000" tween="sine" easing="inout" pulse="true" condition="Skin.HasSetting(Visualisation.AnimateSlideshow)">Conditional</animation>
            <visible>!Skin.HasSetting(Visualisation.HideSlideshow)</visible>
        </control>

        <control type="multiimage">
            <randomize>true</randomize>
            <timeperimage>4000</timeperimage>
            <fadetime>4000</fadetime>
            <pauseatend>0</pauseatend>
            <loop>true</loop>
            <imagepath background="true">special://skin/extras/backgrounds/music_colors</imagepath>
            <colordiffuse>9fffffff</colordiffuse>
            <visible>Skin.HasSetting(Visualisation.EnableColours)</visible>
        </control>

        <control type="group" id="3334">
            <top>-70</top>
            <visible>Skin.HasSetting(Visualisation.EnableScrollingText)</visible>
            <visible>!Window.IsVisible(script-cu-lrclyrics-main.xml)</visible>
            <animation effect="fade" time="600" delay="600">Visible</animation>
            <animation effect="fade" time="600">Hidden</animation>
            <control type="label">
                <description>Now Playing</description>
                <left>0</left>
                <top>0</top>
                <width>1920</width>
                <label>$INFO[MusicPlayer.Title,  ,]$INFO[MusicPlayer.Title,  ,]$INFO[MusicPlayer.Title,  ,]$INFO[MusicPlayer.Title,  ,]$INFO[MusicPlayer.Title,  ,]$INFO[MusicPlayer.Title,  ,]$INFO[MusicPlayer.Title,  ,]$INFO[MusicPlayer.Title,  ,]$INFO[MusicPlayer.Title,  ,]$INFO[MusicPlayer.Title,  ,]$INFO[MusicPlayer.Title,  ,]$INFO[MusicPlayer.Title,  ,]$INFO[MusicPlayer.Title,  ,]$INFO[MusicPlayer.Title,  ,]$INFO[MusicPlayer.Title,  ,]$INFO[MusicPlayer.Title,  ,]$INFO[MusicPlayer.Title,  ,]$INFO[MusicPlayer.Title,  ,]$INFO[MusicPlayer.Title,  ,]$INFO[MusicPlayer.Title,  ,]$INFO[MusicPlayer.Title,  ,]$INFO[MusicPlayer.Title,  ,]$INFO[MusicPlayer.Title,  ,]$INFO[MusicPlayer.Title,  ,]$INFO[MusicPlayer.Title,  ,]</label>
                <scroll>true</scroll>
                <font>font_musicvis_biggest</font>
                <textcolor>77ffffff</textcolor>
                <align>left</align>
            </control>
            <control type="label">
                <description>Now Playing</description>
                <left>0</left>
                <top>100</top>
                <width>1920</width>
                <label>$INFO[MusicPlayer.Artist, ,]$INFO[MusicPlayer.Artist, ,]$INFO[MusicPlayer.Artist,,]$INFO[MusicPlayer.Artist,,]$INFO[MusicPlayer.Artist, ,]$INFO[MusicPlayer.Artist, ,]$INFO[MusicPlayer.Artist, ,]$INFO[MusicPlayer.Artist, ,]$INFO[MusicPlayer.Artist, ,]$INFO[MusicPlayer.Artist, ,]$INFO[MusicPlayer.Artist, ,]$INFO[MusicPlayer.Artist,,]$INFO[MusicPlayer.Artist,,]$INFO[MusicPlayer.Artist, ,]$INFO[MusicPlayer.Artist, ,]$INFO[MusicPlayer.Artist, ,]$INFO[MusicPlayer.Artist, ,]$INFO[MusicPlayer.Artist, ,]</label>
                <scroll>true</scroll>
                <font>font_musicvis_bigger</font>
                <textcolor>44cccccc</textcolor>
                <align>left</align>
                <scrollspeed>100</scrollspeed>
            </control>
            <control type="label">
                <description>Now Playing</description>
                <left>0</left>
                <top>200</top>
                <width>1920</width>
                <label>$INFO[MusicPlayer.Album, ,]$INFO[MusicPlayer.Album, ,]$INFO[MusicPlayer.Album, ,]$INFO[MusicPlayer.Album, ,]$INFO[MusicPlayer.Album, ,]$INFO[MusicPlayer.Album, ,]$INFO[MusicPlayer.Album, ,]$INFO[MusicPlayer.Album, ,]$INFO[MusicPlayer.Album, ,]$INFO[MusicPlayer.Album, ,]$INFO[MusicPlayer.Album, ,]$INFO[MusicPlayer.Album, ,]$INFO[MusicPlayer.Album, ,]$INFO[MusicPlayer.Album, ,]$INFO[MusicPlayer.Album, ,]$INFO[MusicPlayer.Album, ,]$INFO[MusicPlayer.Album, ,]$INFO[MusicPlayer.Album, ,]$INFO[MusicPlayer.Album, ,]$INFO[MusicPlayer.Album, ,]</label>
                <scroll>true</scroll>
                <font>font_musicvis_big</font>
                <textcolor>99cccccc</textcolor>
                <align>left</align>
                <scrollspeed>80</scrollspeed>
            </control>
        </control>

        <control type="image">
            <texture colordiffuse="7f000000">common/white.png</texture>
            <visible>Window.IsVisible(script-cu-lrclyrics-main.xml) | [!String.IsEmpty(Window(Home).Property(OSDArtistDetails)) + !Window.IsVisible(1142)]</visible>
            <include>Animation_OSD_Fullscreen_Change</include>
        </control>

        <include>OSD_Background_Dim</include>
    </controls>
</window>
