<?xml version="1.0" encoding="UTF-8"?>
<window>
    <views>50</views>
    <defaultcontrol always="true">50</defaultcontrol>
    <menucontrol>8000</menucontrol>
    <include content="_Action_Blur_Onload">
        <param name="sourceimage">Art(fanart)|Property(fanart)|Icon</param>
    </include>
    <controls>

        <include>View_Bumper</include>
        <include>Defs_TMDbHelper_Loader</include>
        <include>Background</include>

        <control type="group">
            <include>Animation_Group_Bumper</include>
            <include>Animation_View_WindowChange</include>

            <include>Furniture_Top_Left</include>

            <include content="Info_Viewline">
                <param name="top">170</param>
            </include>

            <include content="View_MediaList_Include">
                <param name="id">50</param>
                <param name="viewtype_label">$LOCALIZE[31120]</param>
                <param name="visible">true</param>
                <param name="right">1340</param>
                <param name="top">48</param>
                <param name="item_height">84</param>
                <param name="focusposition">2</param>
                <param name="movement">5</param>
                <param name="scrollbar_id">66</param>
                <param name="overlay">true</param>
                <param name="variation">true</param>
                <param name="include_detailed_labels">false</param>

                <control type="group">
                    <height>720</height>
                    <width>1280</width>
                    <bottom>0</bottom>
                    <right>0</right>
                    <control type="image">
                        <include>Texture_Shadow_40</include>
                        <texture colordiffuse="main_fg_12" border="12">common/box.png</texture>
                    </control>
                    <control type="multiimage">
                        <imagepath diffuse="diffuse/landscape_w1140_h680.png" background="true">$VAR[Image_Poster]</imagepath>
                        <randomize>true</randomize>
                        <include>Defs_TimePerImage</include>
                        <fadetime>400</fadetime>
                        <aspectratio scalediffuse="false">keep</aspectratio>
                    </control>
                </control>
            </include>

            <include content="View_Furniture_Scrollbar_V">
                <param name="id">66</param>
                <param name="height">720</param>
                <param name="visible">true</param>
            </include>
        </control>
        <include>View_Furniture_Edges</include>
        <include>View_Dialog_Plot</include>

    </controls>
</window>
