<?xml version="1.0" encoding="UTF-8"?>
<window type="dialog" id="1170">
    <zorder>2</zorder>
    <defaultcontrol>7000</defaultcontrol>
    <onload>AlarmClock(refocus,SetFocus(7021),00:00,silent)</onload>
    <onload>SetProperty(TMDbHelper.ContextMenu,True)</onload>
    <controls>

        <include>Dialog_Dim_Overlay</include>

        <control type="group">
            <include>Animation_Right_Delay</include>

            <include condition="Player.HasMedia">Dimension_DialogSideMenu</include>
            <include content="Dialog_Foreground_Side" condition="Player.HasMedia">
                <param name="dialog_size">Dimension_DialogSideMenu</param>
                <param name="lines_right">dialog_buttongroup_w</param>
                <param name="topline">true</param>
                <param name="subline">false</param>
            </include>

            <include condition="!Player.HasMedia">Dimension_DialogMiniMenu</include>
            <include content="Dialog_Foreground_Side" condition="!Player.HasMedia">
                <param name="dialog_size">Dimension_DialogMiniMenu</param>
                <param name="lines_right">0</param>
                <param name="topline">true</param>
                <param name="subline">false</param>
            </include>

            <control type="group">
                <include content="Object_Right" condition="Player.HasMedia">
                    <param name="right">dialog_buttongroup_w</param>
                </include>

                <!-- Header -->
                <include content="Dialog_Head">
                    <param name="label">$LOCALIZE[33063][COLOR=dialog_fg_30] — [/COLOR]$INFO[System.Time]</param>
                </include>
                <include>Dialog_Head_CloseButton</include>

                <!-- Content -->
                <control type="group">
                    <include>Dimension_Dialog_Body</include>

                    <control type="group" id="7000">
                        <include>Dimension_Dialog_Body_Group</include>

                        <include content="ButtonMenu_Layout" condition="Skin.String(OptionsTiles.Layout,$NUMBER[2])">
                            <param name="layout_include">ButtonMenu_Layout_Two</param>
                        </include>
                        <include content="ButtonMenu_Layout" condition="Skin.String(OptionsTiles.Layout,$NUMBER[3])">
                            <param name="layout_include">ButtonMenu_Layout_Three</param>
                        </include>
                        <include content="ButtonMenu_Layout" condition="Skin.String(OptionsTiles.Layout,$NUMBER[4])">
                            <param name="layout_include">ButtonMenu_Layout_Four</param>
                        </include>

                        <control type="image">
                            <top>300</top>
                            <left>20</left>
                            <right>20</right>
                            <height>1</height>
                            <texture colordiffuse="$VAR[Color_DialogBorder]">common/white.png</texture>
                        </control>

                        <include content="List_DialogSelect">
                            <param name="id">8000</param>
                            <param name="itemlayout_include">Layout_MenuList</param>
                            <top>320</top>
                            <include content="Object_Bottom" condition="Skin.HasSetting(Options.DisableBottomTray)">
                                <param name="bottom">0</param>
                            </include>
                            <bottom>80</bottom>
                            <orientation>vertical</orientation>
                            <onup>7020</onup>
                            <ondown condition="!Skin.HasSetting(Options.DisableBottomTray)">SetFocus(6000,2)</ondown>
                            <ondown condition="Skin.HasSetting(Options.DisableBottomTray)">7010</ondown>
                            <onright>SetFocus(6099,0,absolute)</onright>
                            <onleft>Close</onleft>
                            <oninfo>Close</oninfo>
                            <content>
                                <include>skinvariables-powermainmenu-staticitems</include>
                            </content>
                        </include>

                        <control type="image">
                            <bottom>-20</bottom>
                            <left>20</left>
                            <right>20</right>
                            <height>1</height>
                            <texture colordiffuse="$VAR[Color_DialogBorder]">common/white.png</texture>
                            <visible>Skin.HasSetting(Options.DisableBottomTray)</visible>
                        </control>

                        <control type="image">
                            <bottom>60</bottom>
                            <left>20</left>
                            <right>20</right>
                            <height>1</height>
                            <texture colordiffuse="$VAR[Color_DialogBorder]">common/white.png</texture>
                            <visible>!Skin.HasSetting(Options.DisableBottomTray)</visible>
                        </control>

                        <include condition="!Skin.HasSetting(Options.DisableBottomTray)">ButtonMenu_BottomTray</include>

                        <include content="Object_Hidden_Button" condition="Skin.HasSetting(Options.DisableBottomTray)">
                            <param name="id">6000</param>
                            <onfocus>SetFocus(8000,9999,absolute)</onfocus>
                            <onup>SetFocus(8000,9999,absolute)</onup>
                            <ondown>SetFocus(8000,9999,absolute)</ondown>
                        </include>



                    </control>
                </control>
            </control>

            <!-- Side Buttons -->
            <include content="Object_Control" condition="Player.HasMedia">
                <param name="control">group</param>
                <include content="Dialog_Side_Panel_Group_Def">
                    <param name="width">dialog_buttongroup_w</param>
                </include>
                <control type="group">
                    <include>Dimension_Dialog_Body</include>
                    <control type="group">
                        <include>Dialog_Side_Grouplist_Def</include>
                        <include>ButtonMenu_SideTray</include>
                    </control>
                </control>
            </include>

            <include content="Object_Hidden_Button" condition="!Player.HasMedia">
                <param name="id">6099</param>
                <onfocus>SetFocus(7000)</onfocus>
                <onup>SetFocus(7000)</onup>
                <ondown>SetFocus(7000)</ondown>
            </include>

        </control>


    </controls>
</window>