<?xml version="1.0" encoding="UTF-8"?>
<window type="dialog">
    <zorder>2</zorder>
    <menucontrol>9000</menucontrol>
    <defaultcontrol always="true">9000</defaultcontrol>
    <onload>AlarmClock(refocus,SetFocus(9000),00:00,silent)</onload>

    <controls>

        <include>Dialog_Dim_Overlay</include>

        <control type="group">
            <include>Dimension_DialogMainMenu</include>
            <include>Animation_Right_Delay</include>

            <include content="Dialog_Background_Group">
                <param name="dialog_size">Dimension_DialogMainMenu</param>
            </include>

            <control type="group">
                <include content="Dimension_Padding">
                    <param name="pad">40</param>
                </include>
                <include content="Dialog_Overlay_Mode_Glass">
                    <param name="flipped">false</param>
                </include>
            </control>

            <control type="group">
                <!-- Header -->
                <include content="Dialog_Head">
                    <param name="label">$INFO[ListItem.Label]</param>
                </include>
                <include>Dialog_Head_CloseButton</include>

                <!-- Content -->
                <control type="group" id="8000">
                    <bottom>240</bottom>
                    <include>Dimension_Dialog_Body</include>
                    <control type="group">
                        <include>Dimension_Dialog_Body_Group</include>
                        <include>DialogInfo_PlotBox_Artwork</include>
                        <include content="Dialog_Outline_InnerBox">
                            <left>420</left>
                            <top>-20</top>
                            <bottom>-20</bottom>
                            <right>20</right>
                        </include>
                        <control type="grouplist">
                            <top>30</top>
                            <right>60</right>
                            <bottom>30</bottom>
                            <left>460</left>
                            <orientation>vertical</orientation>
                            <itemgap>20</itemgap>
                            <control type="label">
                                <font>font_midi_bold</font>
                                <height>40</height>
                                <textcolor>main_fg_90</textcolor>
                                <label>$LOCALIZE[20037]</label>
                            </control>
                            <control type="label">
                                <font>font_midi_plot</font>
                                <height>40</height>
                                <label fallback="19055">$INFO[ListItem.AddonSummary]</label>
                            </control>

                            <control type="group">
                                <height>40</height>
                                <control type="image">
                                    <left>8</left>
                                    <height>48</height>
                                    <width>48</width>
                                    <texture colordiffuse="dialog_fg_90">special://skin/extras/icons/id-card.png</texture>
                                    <centertop>50%</centertop>
                                </control>
                                <control type="label">
                                    <left>60</left>
                                    <font>font_midi</font>
                                    <label>$INFO[ListItem.AddonCreator]</label>
                                </control>
                            </control>

                            <control type="group">
                                <height>40</height>
                                <control type="image">
                                    <left>8</left>
                                    <height>48</height>
                                    <width>48</width>
                                    <texture colordiffuse="dialog_fg_90">special://skin/extras/icons/tag.png</texture>
                                    <centertop>50%</centertop>
                                </control>
                                <control type="label">
                                    <left>60</left>
                                    <font>font_midi</font>
                                    <label>$INFO[ListItem.AddonType]</label>
                                </control>
                            </control>

                            <control type="group">
                                <height>40</height>
                                <control type="image">
                                    <left>8</left>
                                    <height>48</height>
                                    <width>48</width>
                                    <texture colordiffuse="dialog_fg_90">special://skin/extras/icons/code-branch.png</texture>
                                    <centertop>50%</centertop>
                                </control>
                                <control type="label">
                                    <left>60</left>
                                    <font>font_midi</font>
                                    <label>$INFO[ListItem.AddonVersion,v,]</label>
                                </control>
                            </control>

                            <control type="group">
                                <height>40</height>
                                <control type="image">
                                    <left>8</left>
                                    <height>48</height>
                                    <width>48</width>
                                    <texture colordiffuse="dialog_fg_90">special://skin/extras/icons/clock-rotate-left.png</texture>
                                    <centertop>50%</centertop>
                                </control>
                                <control type="label">
                                    <left>60</left>
                                    <font>font_midi</font>
                                    <label>$VAR[Label_AddonInfo_LastUpdated]</label>
                                </control>
                            </control>

                            <control type="textbox">
                                <top>40</top>
                                <font>font_midi_plot</font>
                                <height>160</height>
                                <autoscroll>false</autoscroll>
                                <pagecontrol>61</pagecontrol>
                                <label fallback="19055">$INFO[ListItem.AddonDescription,[B][COLOR=dialog_fg_90]$LOCALIZE[21821][/B][/COLOR][CR],[CR][CR]]$INFO[ListItem.AddonNews,[B][COLOR=dialog_fg_90]$LOCALIZE[29916][/B][/COLOR][CR],]</label>
                            </control>

                        </control>
                    </control>
                    <include content="Dialog_InfoText">
                        <param name="label">$INFO[ListItem.AddonDisclaimer]</param>
                        <param name="fallback">$INFO[System.BuildVersion,Kodi ,]$INFO[System.AddonVersion(skin.arctic.fuse.2), • AF2 v,]</param>
                    </include>
                    <include content="Dialog_Scrollbar">
                        <param name="id">61</param>
                        <param name="inset">true</param>
                        <onback>9000</onback>
                    </include>
                </control>

                <!-- Buttons -->
                <include content="Dialog_Tray_Grouplist_Left">
                    <include content="Dialog_Button_Expanded">
                        <param name="id">12</param>
                        <param name="builtin">true</param>
                        <param name="label">$INFO[Control.GetLabel(12)]</param>
                        <param name="icon">special://skin/extras/icons/play3.png</param>
                    </include>
                    <include content="Dialog_Button_Expanded">
                        <param name="id">99</param>
                        <param name="label">$LOCALIZE[222]</param>
                        <param name="icon">special://skin/extras/icons/circle-xmark.png</param>
                        <onclick>Close</onclick>
                    </include>
                </include>
                <include content="Dialog_Tray_Grouplist_Right">
                    <include content="Dialog_Button_Expansion" description="Enable">
                        <param name="builtin">true</param>
                        <param name="id">07</param>
                        <param name="icon">$VAR[Image_AddonInfo_Enable]</param>
                        <param name="visible">Control.IsEnabled(7)</param>
                        <param name="label">$INFO[Control.GetLabel(7)]</param>
                    </include>
                    <include content="Dialog_Button_Expansion" description="Install">
                        <param name="builtin">true</param>
                        <param name="id">06</param>
                        <param name="icon">$VAR[Image_AddonInfo_Install]</param>
                        <param name="visible">Control.IsEnabled(6)</param>
                        <param name="label">$INFO[Control.GetLabel(6)]</param>
                    </include>
                    <include content="Dialog_Button_Expansion" description="Update">
                        <param name="control">radiobutton</param>
                        <param name="radiocheck">true</param>
                        <param name="builtin">true</param>
                        <param name="id">8</param>
                        <param name="icon">special://skin/extras/icons/update.png</param>
                        <param name="label">$LOCALIZE[24138]</param>
                    </include>
                    <include content="Dialog_Button_Expansion" description="Auto-Update">
                        <param name="builtin">true</param>
                        <param name="id">13</param>
                        <param name="control">radiobutton</param>
                        <param name="radiocheck">true</param>
                        <param name="radiocross">true</param>
                        <param name="icon">special://skin/extras/icons/update.png</param>
                        <param name="label">$LOCALIZE[21340]</param>
                    </include>
                    <include content="Dialog_Button_Expansion" description="Versions">
                        <param name="builtin">true</param>
                        <param name="id">14</param>
                        <param name="icon">special://skin/extras/icons/network.png</param>
                        <param name="label">$LOCALIZE[24069]</param>
                    </include>
                    <include content="Dialog_Button_Expansion" description="Dependencies">
                        <param name="builtin">true</param>
                        <param name="id">10</param>
                        <param name="icon">special://skin/extras/icons/dependencies.png</param>
                        <param name="label">$LOCALIZE[39024]</param>
                    </include>
                    <include content="Dialog_Button_Expansion" description="Settings">
                        <param name="builtin">true</param>
                        <param name="id">09</param>
                        <param name="icon">special://skin/extras/icons/settings.png</param>
                        <param name="label">$LOCALIZE[5]</param>
                    </include>
                </include>
            </control>


        </control>
    </controls>
</window>