<?xml version="1.0" encoding="UTF-8" standalone="yes"?>
<addon id="repository.natsuki" name="Natsuki Repository" version="1.0" provider-name="Natsuki">
    <extension point="xbmc.addon.repository" name="Example Repository">
        <dir>
            <info compressed="false">https://raw.githubusercontent.com/natsuki26/kodi-repo/master/omega/zips/addons.xml</info>
            <checksum>https://raw.githubusercontent.com/natsuki26/kodi-repo/master/omega/zips/addons.xml.md5</checksum>
            <datadir zip="true">https://raw.githubusercontent.com/natsuki26/kodi-repo/master/omega/zips/</datadir>
        </dir>
    </extension>
    <extension point="xbmc.addon.metadata">
        <summary>Natsuki Repository</summary>
        <description>A repository for update of natsuki's addon.</description>
        <disclaimer></disclaimer>
        <platform>all</platform>
        <assets>
            <icon>icon.png</icon>
            <fanart>fanart.jpg</fanart>
        </assets>
    </extension>
</addon>