<?xml version="1.0" encoding="UTF-8"?>
<includes>

    <!-- Group Switcher -->
    <include name="View_PVR_GroupSwitcher">
        <include content="Object_Hidden_List">
            <param name="id">11</param>
            <orientation>horizontal</orientation>
            <onfocus>SetFocus(28)</onfocus>
        </include>
        <control type="group">
            <height>80</height>
            <left>view_pad</left>
            <centerbottom>100</centerbottom>
            <width>settings_category_w</width>
            <control type="button" id="28">
                <left>-20</left>
                <right>40</right>
                <onleft>SetFocus(11)</onleft>
                <onleft>Action(Left)</onleft>
                <onleft>SetFocus(28)</onleft>
                <onright>SetFocus(11)</onright>
                <onright>Action(Right)</onright>
                <onright>SetFocus(28)</onright>
                <ondown>50</ondown>
                <onup>50</onup>
                <texturenofocus />
                <font />
            </control>
            <control type="group">
                <animation effect="fade" start="100" end="30" condition="true">Conditional</animation>
                <include content="Info_Viewline">
                    <param name="label">$INFO[Control.GetLabel(28)]$INFO[Container.NumItems, (,)]</param>
                    <param name="top">20</param>
                    <param name="left">0</param>
                </include>
            </control>
        </control>
    </include>

    <!-- EPG -->
    <include name="View_PVRGuide_Standard">
        <param name="channelwidth">420</param>
        <param name="viewtype_label">19069</param>
        <definition>
            <include content="List_EPGGrid">
                <param name="id">$PARAM[id]</param>
                <param name="channelheight">$PARAM[channelheight]</param>
                <param name="channelwidth">$PARAM[channelwidth]</param>
                <param name="detailed">$PARAM[detailed]</param>
                <param name="include_channels">$PARAM[include_channels]</param>
                <param name="include_programs">$PARAM[include_programs]</param>
                <onup>$PARAM[id]</onup>
                <ondown>$PARAM[id]</ondown>
                <onback>9001</onback>
                <viewtype label="$PARAM[viewtype_label]">list</viewtype>
                <progresstexture border="0,0,20,0" colordiffuse="main_bg_30">$PARAM[progresstexture]</progresstexture>
                <pagecontrol>8060</pagecontrol>
                <top>-100</top>
                <bottom>100</bottom>
                <left>-40</left>
            </include>
        </definition>
    </include>

    <include name="View_PVR_ProgrammePanel">
        <control type="group">
            <include>Settings_Box</include>
            <bottom>80</bottom>
            <top>40</top>
            <left>380</left>
        </control>
    </include>

    <include name="View_PVR_InformationPanel">
        <control type="group">
            <right>0</right>
            <width>400</width>
            <include>Settings_Box</include>
            <bottom>80</bottom>
            <top>40</top>

            <control type="grouplist">
                <orientation>vertical</orientation>
                <bottom>20</bottom>

                <control type="group">
                    <height>242.5</height>
                    <control type="group">
                        <include content="Dimension_Padding">
                            <param name="pad">20</param>
                        </include>
                        <include content="Dialog_Outline_InnerBox">
                            <control type="image">
                                <aspectratio scalediffuse="false">keep</aspectratio>
                                <texture background="true" diffuse="diffuse/landscape_w356_h200.png">$VAR[Image_Landscape]</texture>
                            </control>
                        </include>
                    </control>
                </control>

                <control type="group">
                    <height>15</height>
                </control>

                <control type="label">
                    <font>font_main_bold</font>
                    <height>40</height>
                    <aligny>top</aligny>
                    <textcolor>main_fg_90</textcolor>
                    <label>$INFO[ListItem.Title]</label>
                    <left>30</left>
                    <right>30</right>
                    <visible>!String.IsEmpty(ListItem.Title)</visible>
                </control>

                <control type="textbox">
                    <font>font_mini_plot</font>
                    <height>80</height>
                    <aligny>top</aligny>
                    <textcolor>main_fg_70</textcolor>
                    <label>$INFO[ListItem.StartDate,,[CR]]$INFO[ListItem.StartTime]$INFO[ListItem.EndTime, - ,]</label>
                    <left>30</left>
                    <right>30</right>
                </control>

                <control type="textbox">
                    <font>font_mini_plot</font>
                    <height>340</height>
                    <top>15</top>
                    <textcolor>main_fg_70</textcolor>
                    <label>$VAR[Label_PVR_Episode,,[CR]]$INFO[ListItem.Plot]</label>
                    <left>30</left>
                    <right>30</right>
                </control>

            </control>

        </control>
    </include>


    <include name="View_PVRGuide">
        <control type="group">
            <visible>Control.IsVisible(500)</visible>
            <include>Dimension_PVR_FullGuide</include>
            <include>View_PVR_ProgrammePanel</include>
            <include content="View_PVRGuide_Standard">
                <param name="id">500</param>
                <param name="progresstexture">pvr/progressline-full.png</param>
                <param name="viewtype_label">$LOCALIZE[571]</param>
            </include>
        </control>
        <control type="group">
            <visible>Control.IsVisible(501)</visible>
            <include>Dimension_PVR_FullGuide</include>
            <control type="group">
                <right>dialog_panelgroup_w</right>
                <include>View_PVR_ProgrammePanel</include>
                <include content="View_PVRGuide_Standard">
                    <param name="id">501</param>
                    <param name="progresstexture">pvr/progressline-full.png</param>
                    <param name="viewtype_label">$LOCALIZE[571]</param>
                </include>
            </control>
            <include>View_PVR_InformationPanel</include>
        </control>
    </include>

    <include name="View_PVR_Full">
        <control type="group">
            <include>Animation_Group_Bumper</include>
            <control type="group">
                <include>Animation_View_WindowChange</include>
                <include>$PARAM[include]</include>
            </control>
            <control type="group">
                <visible>!Control.IsVisible(52)</visible>
                <visible allowhiddenfocus="true">!$EXP[Exp_View_SortModeButtons_HasFocus]</visible>
                <include content="Settings_InfoText">
                    <param name="id">8899</param>
                    <param name="dialog">false</param>
                    <param name="left">500</param>
                    <param name="bottom">80</param>
                    <param name="override">true</param>
                    <param name="label">$INFO[ListITem.StartTime]$INFO[ListITem.EndTime, - ,]$INFO[ListITem.Title,  •  ,]</param>
                </include>
            </control>
            <include>View_PVR_GroupSwitcher</include>
            <control type="group">
                <visible>!Control.IsVisible(52)</visible>
                <include>View_Row_Header</include>
            </control>
        </control>
        <include>Furniture_Top_Right</include>
        <include>Furniture_Bottom_Right</include>
    </include>

    <include name="View_PVR_Main">
        <control type="group">
            <visible>!Window.IsVisible(pvrchannelguide)</visible>
            <include content="View_Bumper">
                <param name="groupid">50</param>
            </include>
            <include content="View_PVR_Full">
                <param name="include">$PARAM[include]</param>
            </include>
            <include>View_Dialog_Plot</include>
            <control type="group">
                <include>Animation_Group_Bumper</include>
                <include>View_PVR_Menu</include>
            </control>
        </control>
    </include>

    <include name="View_PVR_Menu">
        <param name="itemgap">-40</param>
        <param name="include_customwidth">true</param>
        <param name="include_hintlabel">true</param>
        <definition>

            <control type="group">
                <include>Dimension_Bottombar</include>
                <control type="group">
                    <include>Dimension_Furniture_Gutters</include>
                    <include content="Object_Hidden_Button">
                        <param name="id">610</param>
                        <onup>50</onup>
                        <ondown>SetFocus(8000)</ondown>
                        <onfocus>SetFocus(8000)</onfocus>
                    </include>

                    <control type="grouplist" id="8000">
                        <orientation>horizontal</orientation>
                        <height>160</height>
                        <centertop>50%</centertop>
                        <align>center</align>
                        <left>40</left>
                        <right>60</right>
                        <onup>50</onup>
                        <ondown>SetProperty(List.ViewContainer,8000)</ondown>
                        <ondown>SetFocus(330)</ondown>

                        <visible allowhiddenfocus="true">$EXP[Exp_View_SortModeButtons_HasFocus]</visible>

                        <!-- Group -->
                        <include content="DialogInfo_Button">
                            <param name="vertical">false</param>
                            <param name="id">9001</param>
                            <param name="groupid">9101</param>
                            <param name="label">$LOCALIZE[19141]</param>
                            <param name="icon">special://skin/extras/icons/object-group.png</param>
                            <param name="itemgap">$PARAM[itemgap]</param>
                            <param name="include_hintlabel">$PARAM[include_hintlabel]</param>
                            <param name="include_customwidth">$PARAM[include_customwidth]</param>
                            <param name="visible">true</param>
                            <onclick>SendClick(28)</onclick>
                        </include>

                        <!-- View -->
                        <include content="DialogInfo_Button">
                            <param name="vertical">false</param>
                            <param name="id">9020</param>
                            <param name="groupid">9120</param>
                            <param name="label">$LOCALIZE[31319]</param>
                            <param name="icon">special://skin/extras/icons/table.png</param>
                            <param name="itemgap">$PARAM[itemgap]</param>
                            <param name="include_hintlabel">$PARAM[include_hintlabel]</param>
                            <param name="include_customwidth">$PARAM[include_customwidth]</param>
                            <param name="visible">true</param>
                            <onclick>SendClick(2)</onclick>
                        </include>

                        <!-- Sort -->
                        <include content="DialogInfo_Button">
                            <param name="vertical">false</param>
                            <param name="id">9002</param>
                            <param name="groupid">9102</param>
                            <param name="label">$VAR[Label_SortMethod]</param>
                            <param name="icon">special://skin/extras/icons/list-ul.png</param>
                            <param name="itemgap">$PARAM[itemgap]</param>
                            <param name="include_hintlabel">$PARAM[include_hintlabel]</param>
                            <param name="include_customwidth">$PARAM[include_customwidth]</param>
                            <param name="visible">true</param>
                            <onclick>SendClick(3)</onclick>
                        </include>

                        <!-- Order -->
                        <include content="DialogInfo_Button">
                            <param name="vertical">false</param>
                            <param name="id">9003</param>
                            <param name="groupid">9103</param>
                            <param name="label">$LOCALIZE[31015]</param>
                            <param name="icon">$VAR[Image_SortDirection]</param>
                            <param name="itemgap">$PARAM[itemgap]</param>
                            <param name="include_hintlabel">$PARAM[include_hintlabel]</param>
                            <param name="include_customwidth">$PARAM[include_customwidth]</param>
                            <param name="visible">true</param>
                            <onclick>SendClick(4)</onclick>
                        </include>

                        <!-- Guide -->
                        <include content="DialogInfo_Button">
                            <param name="vertical">false</param>
                            <param name="id">9009</param>
                            <param name="groupid">9109</param>
                            <param name="label">$LOCALIZE[19069]</param>
                            <param name="icon">special://skin/extras/icons/table-list.png</param>
                            <param name="itemgap">$PARAM[itemgap]</param>
                            <param name="include_hintlabel">$PARAM[include_hintlabel]</param>
                            <param name="include_customwidth">$PARAM[include_customwidth]</param>
                            <param name="visible">!Window.IsVisible(tvguide)</param>
                            <onclick>ActivateWindow(tvguide)</onclick>
                        </include>

                        <!-- Channels -->
                        <include content="DialogInfo_Button">
                            <param name="vertical">false</param>
                            <param name="id">9008</param>
                            <param name="groupid">9108</param>
                            <param name="label">$LOCALIZE[14301]</param>
                            <param name="icon">special://skin/extras/icons/livetv.png</param>
                            <param name="itemgap">$PARAM[itemgap]</param>
                            <param name="include_hintlabel">$PARAM[include_hintlabel]</param>
                            <param name="include_customwidth">$PARAM[include_customwidth]</param>
                            <param name="visible">!Window.IsVisible(tvchannels)</param>
                            <onclick>ActivateWindow(tvchannels)</onclick>
                        </include>

                        <!-- Recordings -->
                        <include content="DialogInfo_Button">
                            <param name="vertical">false</param>
                            <param name="id">9007</param>
                            <param name="groupid">9107</param>
                            <param name="label">$LOCALIZE[19017]</param>
                            <param name="icon">special://skin/extras/icons/hard-drive.png</param>
                            <param name="itemgap">$PARAM[itemgap]</param>
                            <param name="include_hintlabel">$PARAM[include_hintlabel]</param>
                            <param name="include_customwidth">$PARAM[include_customwidth]</param>
                            <param name="visible">!Window.IsVisible(tvrecordings)</param>
                            <onclick>ActivateWindow(tvrecordings)</onclick>
                        </include>

                        <!-- Timers -->
                        <include content="DialogInfo_Button">
                            <param name="vertical">false</param>
                            <param name="id">9004</param>
                            <param name="groupid">9104</param>
                            <param name="label">$LOCALIZE[19040]</param>
                            <param name="icon">special://skin/extras/icons/timer.png</param>
                            <param name="itemgap">$PARAM[itemgap]</param>
                            <param name="include_hintlabel">$PARAM[include_hintlabel]</param>
                            <param name="include_customwidth">$PARAM[include_customwidth]</param>
                            <param name="visible">!Window.IsVisible(tvtimers)</param>
                            <onclick>ActivateWindow(tvtimers)</onclick>
                        </include>

                        <!-- Search -->
                        <include content="DialogInfo_Button">
                            <param name="vertical">false</param>
                            <param name="id">9005</param>
                            <param name="groupid">9105</param>
                            <param name="label">$LOCALIZE[137]</param>
                            <param name="icon">special://skin/extras/icons/search.png</param>
                            <param name="itemgap">$PARAM[itemgap]</param>
                            <param name="include_hintlabel">$PARAM[include_hintlabel]</param>
                            <param name="include_customwidth">$PARAM[include_customwidth]</param>
                            <param name="visible">!Window.IsVisible(tvsearch)</param>
                            <onclick>ActivateWindow(tvsearch)</onclick>
                        </include>
                    </control>
                </control>
            </control>
        </definition>

    </include>

    <!-- CHANNELS -->
    <include name="View_PVRChannels_Standard">
        <param name="channelheight">80</param>
        <param name="channelwidth">420</param>
        <definition>
            <control type="group">
                <top>-10</top>
                <height>50</height>

                <control type="group">
                    <left>$PARAM[channelwidth]</left>

                    <control type="group">
                        <left>20</left>
                        <right>-20</right>
                        <bottom>-15</bottom>
                        <top>5</top>
                        <control type="group">
                            <control type="image">
                                <width>1</width>
                                <texture colordiffuse="main_fg_30">common/white.png</texture>
                                <bottom>15</bottom>
                                <top>15</top>
                            </control>
                            <control type="label">
                                <bottom>5</bottom>
                                <left>10</left>
                                <width>$PARAM[channelwidth]</width>
                                <align>left</align>
                                <aligny>center</aligny>
                                <font>font_tiny</font>
                                <label>$LOCALIZE[19030]</label>
                                <textcolor>main_fg_70</textcolor>
                                <shadowcolor>main_bg_12</shadowcolor>
                            </control>
                        </control>

                        <control type="group">
                            <left>50%</left>
                            <control type="image">
                                <width>1</width>
                                <texture colordiffuse="main_fg_30">common/white.png</texture>
                                <bottom>15</bottom>
                                <top>15</top>
                            </control>
                            <control type="label">
                                <bottom>5</bottom>
                                <left>10</left>
                                <width>$PARAM[channelwidth]</width>
                                <align>left</align>
                                <aligny>center</aligny>
                                <font>font_tiny</font>
                                <label>$LOCALIZE[19031]</label>
                                <textcolor>main_fg_70</textcolor>
                                <shadowcolor>main_bg_12</shadowcolor>
                            </control>
                        </control>

                    </control>
                </control>
            </control>

            <control type="fixedlist" id="$PARAM[id]">
                <onback>9001</onback>
                <include content="Action_View_Movement_OnLeft"><param name="id">$PARAM[id]</param></include>
                <onright>332</onright>
                <top>60</top>
                <bottom>99</bottom>
                <left>-40</left>
                <orientation>vertical</orientation>
                <focusposition>$PARAM[focusposition]</focusposition>
                <movement>$PARAM[movement]</movement>
                <viewtype label="$PARAM[viewtype_label]">list</viewtype>
                <onfocus>SetProperty(Background.ShowOverlay,True,Home)</onfocus>

                <itemlayout height="$PARAM[channelheight]">
                    <include content="Layout_PVRChannel">
                        <param name="channelwidth">$PARAM[channelwidth]</param>
                        <param name="detailed">$PARAM[detailed]</param>
                    </include>
                </itemlayout>
                <focusedlayout height="$PARAM[channelheight]">
                    <control type="group">
                        <visible>[$EXP[Exp_PVRGuide_NoFocus]]</visible>
                        <include content="Layout_PVRChannel">
                            <param name="channelwidth">$PARAM[channelwidth]</param>
                            <param name="detailed">$PARAM[detailed]</param>
                            <param name="selected">false</param>
                        </include>
                    </control>
                    <control type="group">
                        <visible>![$EXP[Exp_PVRGuide_NoFocus]]</visible>
                        <include content="Layout_PVRChannel">
                            <param name="channelwidth">$PARAM[channelwidth]</param>
                            <param name="detailed">$PARAM[detailed]</param>
                            <param name="selected">true</param>
                        </include>
                    </control>
                </focusedlayout>
            </control>
        </definition>
    </include>

    <include name="View_PVRChannels">
        <control type="group">
            <visible>Control.IsVisible(50)</visible>
            <include>Dimension_PVR_FullGuide</include>
            <include>View_PVR_ProgrammePanel</include>
            <include content="View_PVRChannels_Standard">
                <param name="id">50</param>
                <param name="viewtype_label">$LOCALIZE[571]</param>
                <param name="focusposition">4</param>
                <param name="movement">4</param>
            </include>
        </control>
        <control type="group">
            <visible>Control.IsVisible(51)</visible>
            <include>Dimension_PVR_FullGuide</include>
            <control type="group">
                <right>dialog_panelgroup_w</right>
                <include>View_PVR_ProgrammePanel</include>
                <include content="View_PVRChannels_Standard">
                    <param name="id">51</param>
                    <param name="viewtype_label">$LOCALIZE[571]</param>
                    <param name="focusposition">4</param>
                    <param name="movement">4</param>
                </include>
            </control>
            <include>View_PVR_InformationPanel</include>
        </control>
        <control type="group">
            <visible>Control.IsVisible(52)</visible>
            <include content="Info_Viewline">
                <param name="label">[CAPITALIZE]$VAR[Label_Header_Main][/CAPITALIZE]</param>
            </include>
            <include content="View_Row_Include">
                <param name="id">52</param>
                <param name="include">List_Landscape_Row</param>
                <param name="viewtype_label">$LOCALIZE[31112]</param>
            </include>
            <control type="group">
                <include>Info_Panel_Dimensions</include>
                <include>Info_Panel</include>
            </control>
        </control>
    </include>
</includes>
